{"dxMin": [0.0, 0.0, 0.0, 0.0, 0.0, 0.4101425234212861, 0.4154925207874086, 0.0, 0.0, 0.0, 0.0, 0.0, 0.0, 0.0, 0.0, 0.0, 0.0], "dxMax": [35.450737381417305, 34.092322117223205, 34.218508112143105, 30.042118951158724, 29.628722986746865, 24.986072744495342, 23.178037320597607, 0.0, 0.0, 0.0, 0.0, 0.0, 0.0, 0.0, 0.0, 0.0, 0.0], "dxMedian": [4.261508799192817, 4.057266906485023, 4.5072606256888585, 3.83319514737584, 4.8370570392529455, 4.456275933609954, 6.1901464596823566, 0.0, 0.0, 0.0, 0.0, 0.0, 0.0, 0.0, 0.0, 0.0, 0.0], "dxMean": [12.496156789334949, 11.98983050466088, 12.047243595382938, 10.610037057958019, 10.590778292082945, 10.068602105991395, 9.912367233485528, 0.0, 0.0, 0.0, 0.0, 0.0, 0.0, 0.0, 0.0, 0.0, 0.0], "dyMin": [0.0, 0.0, 0.0, 0.0, 0.0, 0.4179939238362265, 0.4261115489658965, 0.0, 0.0, 0.0, 0.0, 0.0, 0.0, 0.0, 0.0, 0.0, 0.0], "dyMax": [11.943690554679456, 11.295225655293464, 11.52133401394378, 11.34767543905819, 12.182372110187778, 13.14244615707476, 11.420644744280283, 0.0, 0.0, 0.0, 0.0, 0.0, 0.0, 0.0, 0.0, 0.0, 0.0], "dyMedian": [3.4111990141176056, 2.684702259870978, 2.761041411720369, 3.5908533626572234, 3.1465099793746707, 5.598303070701501, 3.4996399179039126, 0.0, 0.0, 0.0, 0.0, 0.0, 0.0, 0.0, 0.0, 0.0, 0.0], "dyMean": [4.160955653958533, 3.617146443754574, 3.7381396970296206, 4.003030097153253, 3.9682576726154823, 5.9912034206202724, 4.525050057703278, 0.0, 0.0, 0.0, 0.0, 0.0, 0.0, 0.0, 0.0, 0.0, 0.0], "winVarXMin": [0.0, 0.0, 0.0, 0.0, 9.986016802853556e-06, 0.0008928449643445693, 0.001203442347660907, 0.0, 0.0, 0.0, 0.0, 0.0, 0.0, 0.0, 0.0, 0.0, 0.0], "winVarXMax": [0.7911896592122275, 0.7558353669496403, 0.7330463869156283, 0.5614021960822165, 0.6048107657953449, 0.5454608744028869, 0.4479611401303474, 0.0, 0.0, 0.0, 0.0, 0.0, 0.0, 0.0, 0.0, 0.0, 0.0], "winVarXMedian": [0.07798867650875425, 0.09330523008682487, 0.08287564906113748, 0.08143094149855526, 0.062478514334599035, 0.11340464300871482, 0.048798789425618806, 0.0, 0.0, 0.0, 0.0, 0.0, 0.0, 0.0, 0.0, 0.0, 0.0], "winVarXMean": [0.24453522385327242, 0.23522504759734092, 0.23110667339184218, 0.18398045671780977, 0.1941365280598108, 0.17724194136459445, 0.1432491291810729, 0.0, 0.0, 0.0, 0.0, 0.0, 0.0, 0.0, 0.0, 0.0, 0.0], "winVarYMin": [0.0, 0.0, 0.0, 0.0, 9.986016802853556e-06, 0.0008928449643445693, 0.001203442347660907, 0.0, 0.0, 0.0, 0.0, 0.0, 0.0, 0.0, 0.0, 0.0, 0.0], "winVarYMax": [0.7911896592122275, 0.7558353669496403, 0.7330463869156283, 0.5614021960822165, 0.6048107657953449, 0.5454608744028869, 0.4479611401303474, 0.0, 0.0, 0.0, 0.0, 0.0, 0.0, 0.0, 0.0, 0.0, 0.0], "winVarYMedian": [0.07798867650875425, 0.09330523008682487, 0.08287564906113748, 0.08143094149855526, 0.062478514334599035, 0.11340464300871482, 0.048798789425618806, 0.0, 0.0, 0.0, 0.0, 0.0, 0.0, 0.0, 0.0, 0.0, 0.0], "winVarYMean": [0.24453522385327242, 0.23522504759734092, 0.23110667339184218, 0.18398045671780977, 0.1941365280598108, 0.17724194136459445, 0.1432491291810729, 0.0, 0.0, 0.0, 0.0, 0.0, 0.0, 0.0, 0.0, 0.0, 0.0], "jerkXMin": [0.0, 0.0, 0.0, 0.0, 0.0, 0.0, 0.0, 0.0, 0.0, 0.0, 0.0, 0.0, 0.0, 0.0, 0.0, 0.0, 0.0], "jerkXMax": [27.09659921516621, 26.49036078740101, 26.791915578679856, 25.46420861586639, 25.220625023174012, 26.220982166767193, 21.684478647520063, 0.0, 0.0, 0.0, 0.0, 0.0, 0.0, 0.0, 0.0, 0.0, 0.0], "jerkXMedian": [2.9530886321641767, 2.722013886637705, 3.4563916218231285, 2.71523174111774, 2.822340791947618, 5.781374602891611, 6.219709239658974, 0.0, 0.0, 0.0, 0.0, 0.0, 0.0, 0.0, 0.0, 0.0, 0.0], "jerkXMean": [8.205631207920172, 7.938905384408899, 8.072291955771686, 7.676907263315999, 7.6213171942197775, 9.554825795317678, 8.57903421433208, 0.0, 0.0, 0.0, 0.0, 0.0, 0.0, 0.0, 0.0, 0.0, 0.0], "jerkYMin": [0.0, 0.0, 0.0, 0.0, 0.0, 0.0, 0.0, 0.0, 0.0, 0.0, 0.0, 0.0, 0.0, 0.0, 0.0, 0.0, 0.0], "jerkYMax": [12.112533659811405, 10.892882404468471, 11.576027422560925, 12.74986319741796, 11.635784469091552, 22.984444273746167, 15.402205402177662, 0.0, 0.0, 0.0, 0.0, 0.0, 0.0, 0.0, 0.0, 0.0, 0.0], "jerkYMedian": [2.464122977988829, 1.6853681762188713, 1.6875996823132884, 2.9820215248962634, 2.816217927418309, 5.192563537344407, 3.7376947046810334, 0.0, 0.0, 0.0, 0.0, 0.0, 0.0, 0.0, 0.0, 0.0, 0.0], "jerkYMean": [4.053743000793957, 3.3449819488425354, 3.4955796334757165, 4.726552252385205, 4.450534811634407, 8.289601772169283, 5.878871255522265, 0.0, 0.0, 0.0, 0.0, 0.0, 0.0, 0.0, 0.0, 0.0, 0.0]}