{"dxMin": [0.0, 0.0, 0.0, 0.0, 0.0, 0.0, 0.0, 0.0, 0.021355669330262825, 0.0, 0.0, 0.0, 0.0, 0.0, 0.0, 0.0, 0.0], "dxMax": [14.032156258452776, 14.172232715412541, 13.893323764149736, 12.617626237729498, 11.862130548290644, 11.537220731341183, 11.075409782915312, 19.103366365461426, 16.15082171352741, 40.73189138680909, 52.377026855347935, 8.883356319664049, 9.068066802401136, 12.605912312873542, 14.47314443134092, 10.34624070627116, 17.591233657755016], "dxMedian": [5.599955021395225, 5.548480984383104, 5.578298304387639, 5.359347901403657, 5.080456416339789, 5.342220296899309, 5.3458491788365485, 9.122602154110478, 8.74525435198392, 14.86237863880965, 15.407030984079196, 4.3881343604123435, 4.555738545651257, 5.091613845508616, 5.3905214934922805, 3.7678458186106094, 6.077592626547909], "dxMean": [6.207549356623936, 6.258163314011595, 6.198203903499363, 5.811784123194958, 5.4252281500182935, 5.544614592303823, 5.480066811046584, 9.359034766120548, 9.532649060034913, 17.904224117115728, 19.865913857956, 4.282359798770813, 4.461374887590307, 5.430379642528115, 6.095145067457763, 4.386923403240263, 7.431113493918476], "dyMin": [0.0001126237924664146, 0.0, 0.0, 0.0, 0.0, 0.0, 0.0, 0.0, 0.00884305708635864, 0.0, 0.0, 0.0, 0.0, 0.0, 0.0, 0.0, 0.0], "dyMax": [7.988291428644502, 8.49540340890165, 7.908620217310341, 7.877318757858891, 7.544648513523837, 9.247330815909434, 9.207569678639597, 21.8895418529793, 18.185374455040098, 29.152546061596002, 33.944003070986824, 8.824848037819054, 8.83163860451304, 11.876784795387689, 13.01610671373801, 10.520455712933378, 10.02103202152118], "dyMedian": [1.762605633874161, 1.5848635851594914, 1.6294260871855557, 1.8444545635049268, 1.7096771113605411, 2.2917667626345297, 2.3756807572614105, 5.747772242122668, 5.682278252439373, 12.440771053836556, 11.819234279775035, 3.7589481591188996, 3.3207366563472567, 5.586613394709551, 5.792583848628769, 4.326684215751416, 5.111265519644705], "dyMean": [2.6664320556630146, 2.5810128697902774, 2.6302165853884003, 2.674416652121778, 2.580568397233246, 3.248206785327823, 3.2685977686928678, 7.972544021989775, 7.844285003528114, 13.013805918083042, 13.655171002299381, 4.043625572696003, 3.854491789309031, 5.639090878452065, 6.127353262930637, 4.74135380941054, 5.203338745312837], "winVarXMin": [1.830265144440384e-06, 0.0, 0.0, 0.0, 0.0, 3.0074997653987904e-08, 7.269558594306872e-08, 0.0, 4.118076406353126e-06, 0.0, 0.0, 0.0, 0.0, 0.0, 0.0, 0.0, 0.0], "winVarXMax": [0.13090210385198794, 0.14645205751644752, 0.12493255022234397, 0.11230891754046944, 0.11217168649663369, 0.11648547180782359, 0.14628326807459227, 0.905387942829569, 1.561707251750483, 6.943134724242734, 6.776619339489892, 0.08954554654364391, 0.15163738394547552, 0.4044518253014217, 0.5486739642811371, 0.283767313861047, 0.566840273671788], "winVarXMedian": [0.054519803327178235, 0.052233334790449726, 0.05374255428707105, 0.05092438909174832, 0.053598299755537336, 0.05016787308525313, 0.049350124988879265, 0.16263460504456467, 0.11840732594450375, 0.802125386221634, 0.8745851505698863, 0.030523998886243683, 0.036982855943717384, 0.0478356840457523, 0.10628411263961103, 0.06881621791558143, 0.1277654298297351], "winVarXMean": [0.06071176411490785, 0.12084649352451868, 0.05986484386472861, 0.0523289376917115, 0.05264143201144197, 0.07057444093047488, 0.08049812707354594, 0.35378681323890926, 0.7956776128855854, 2.001102085953711, 2.3264516595580957, 0.047280048540194616, 0.05568782112660325, 0.12525284816266577, 0.19064890973216905, 0.09891650253500342, 0.23703406432486757], "winVarYMin": [1.830265144440384e-06, 0.0, 0.0, 0.0, 0.0, 3.0074997653987904e-08, 7.269558594306872e-08, 0.0, 4.118076406353126e-06, 0.0, 0.0, 0.0, 0.0, 0.0, 0.0, 0.0, 0.0], "winVarYMax": [0.13090210385198794, 0.14645205751644752, 0.12493255022234397, 0.11230891754046944, 0.11217168649663369, 0.11648547180782359, 0.14628326807459227, 0.905387942829569, 1.561707251750483, 6.943134724242734, 6.776619339489892, 0.08954554654364391, 0.15163738394547552, 0.4044518253014217, 0.5486739642811371, 0.283767313861047, 0.566840273671788], "winVarYMedian": [0.054519803327178235, 0.052233334790449726, 0.05374255428707105, 0.05092438909174832, 0.053598299755537336, 0.05016787308525313, 0.049350124988879265, 0.16263460504456467, 0.11840732594450375, 0.802125386221634, 0.8745851505698863, 0.030523998886243683, 0.036982855943717384, 0.0478356840457523, 0.10628411263961103, 0.06881621791558143, 0.1277654298297351], "winVarYMean": [0.06071176411490785, 0.12084649352451868, 0.05986484386472861, 0.0523289376917115, 0.05264143201144197, 0.07057444093047488, 0.08049812707354594, 0.35378681323890926, 0.7956776128855854, 2.001102085953711, 2.3264516595580957, 0.047280048540194616, 0.05568782112660325, 0.12525284816266577, 0.19064890973216905, 0.09891650253500342, 0.23703406432486757], "jerkXMin": [0.0, 0.0, 0.0, 0.0, 0.0, 0.0, 0.0, 0.0, 0.0, 0.0, 0.0, 0.0, 0.0, 0.0, 0.0, 0.0, 0.0], "jerkXMax": [11.008749389299915, 10.002560890543664, 10.462819515755267, 10.952502127738194, 9.790232026904183, 10.706202568743398, 10.86564378755466, 33.34202666542774, 24.477828515844337, 84.27608802699856, 113.00004302038673, 9.143687797069205, 10.764679045925691, 19.51661173556817, 27.588290335685596, 20.557916819024143, 38.53839316025573], "jerkXMedian": [3.1836115793568553, 2.783514733532164, 3.206316860088176, 3.3724017764522762, 2.8894453246563714, 3.272033438148328, 3.446399888161311, 7.523563926348588, 6.785357032870857, 11.798583376556019, 12.976286246272034, 3.015585086553406, 3.2758101214016966, 3.6406535674922114, 3.666764356684373, 3.0439734747795653, 5.697517768574934], "jerkXMean": [4.144720961012221, 4.104854187735737, 4.118783937423415, 4.26548077088157, 3.7570028188512006, 4.389506295390357, 4.531824654127273, 12.175749561834028, 12.001647453030923, 26.697181039585022, 29.99172366092195, 3.8838809196097106, 4.437118601268593, 6.633257855068223, 8.250716787192783, 6.341991937673418, 12.102327091878603], "jerkYMin": [0.0, 0.0, 0.0, 0.0, 0.0, 0.0, 0.0, 0.0, 0.0, 0.0, 0.0, 0.0, 0.0, 0.0, 0.0, 0.0, 0.0], "jerkYMax": [8.242821552552957, 7.708170481449513, 8.142828133076371, 7.972713097339217, 8.284902899383914, 9.865764457281218, 10.037684374081767, 35.31897887869926, 22.262745095105263, 52.02648383484039, 53.59381339579878, 14.285240729403599, 13.670168227565647, 21.71470524719906, 23.24686728608935, 18.586589528055878, 0.0], "jerkYMedian": [1.5734930647853933, 1.2258532765495338, 1.5194057353799355, 2.0068246928488143, 1.8840686592323619, 2.431791161501563, 2.6300671842583085, 5.943721432507795, 5.771410828903003, 10.686130887739882, 9.453961561527494, 4.2344448991830745, 3.8252982365145463, 6.651155666493803, 7.1666120980290655, 5.439094917012462, 0.0], "jerkYMean": [2.6814562624221585, 2.592599833690837, 2.6779664239402896, 2.8550220493357923, 2.872742494464496, 3.7040264608154367, 3.708867850910745, 11.249233443458097, 10.142918982559703, 17.012310581262657, 18.229986636199353, 5.417833981615411, 5.069673510001259, 8.284887923596848, 9.100625011161979, 7.2218408817852024, 0.0]}