{"dxMin": [0.0, 0.0, 0.0, 0.028777392375515732, 0.0, 0.3078173625518502, 0.2238621375372798, 0.0, 0.0, 0.0, 0.0, 0.0, 0.0, 0.0, 0.0, 0.0, 0.0], "dxMax": [63.918491975359224, 62.15455986078349, 62.057526939461546, 43.640318676819724, 46.918571241377904, 35.9900190512559, 33.67674632650633, 13.081672434896964, 22.335122294050034, 6.111747607478888, 20.02002514038508, 0.0, 0.0, 0.14172751258297872, 1.6640237289400572, 0.0, 0.0], "dxMedian": [6.685240255648667, 5.472462646990888, 6.545202446775315, 5.2475796014936105, 6.713984287626018, 8.685709390600683, 6.977790664736164, 0.0, 0.0, 0.0, 0.0, 0.0, 0.0, 0.0, 0.0, 0.0, 0.0], "dxMean": [13.431737939723153, 13.511365040527231, 13.423064670631552, 10.996442676239917, 10.964094510504799, 10.180430993825373, 8.765516746827345, 0.8051094968969235, 2.0565057016739483, 0.8031340833762756, 1.715348417618492, 0.0, 0.0, 0.007519572208152537, 0.19426459071927146, 0.0, 0.0], "dyMin": [0.0, 0.0, 0.0, 0.11463483755024767, 0.0, 1.6056522100298227, 0.5130720083149589, 0.0, 0.0, 0.0, 0.0, 0.0, 0.0, 0.0, 0.0, 0.0, 0.0], "dyMax": [34.791884812389775, 27.95108351780006, 29.291499493758547, 19.357720498436336, 21.59540644461464, 15.850747328354174, 15.292991652956983, 11.126359726944079, 16.6024048154065, 11.044569509707607, 25.94685980434954, 0.0, 0.0, 0.36953984388507133, 3.9206780967870682, 0.0, 0.0], "dyMedian": [2.001000115485608, 2.052534174622344, 1.5294243903575593, 2.8508736384854725, 2.604438914698688, 7.66508333198262, 4.8642354498265625, 0.0, 0.0, 0.0, 0.0, 0.0, 0.0, 0.0, 0.0, 0.0, 0.0], "dyMean": [6.383082683991237, 5.369681256307554, 5.382360415382051, 4.514264338916255, 4.7851297788931895, 7.861597171970248, 6.150594049655598, 0.7373295551057756, 1.5565435936644054, 1.0122460299218423, 2.379739795856681, 0.0, 0.0, 0.02021008714322067, 0.30665062097365037, 0.0, 0.0], "winVarXMin": [0.0, 0.0, 0.0, 0.0, 0.0, 0.0, 0.0, 0.0, 0.0, 0.0, 0.0, 0.0, 0.0, 0.0, 0.0, 0.0, 0.0], "winVarXMax": [2.446903480242174, 3.003546192433949, 2.4501831418291347, 2.1066070819275, 1.6702316049996933, 2.17669978443727, 1.446135675352985, 1.7563518471741368, 2.9921801256450444, 0.5141913470962352, 2.5553324541837306, 0.0, 0.0, 0.0003866137396836223, 0.015657945031225987, 0.0, 0.0], "winVarXMedian": [0.1641899544334547, 0.11008067351795414, 0.11332080020138378, 0.0914683633793436, 0.08312819891561213, 0.11529804553474982, 0.08392942506684764, 0.0, 0.0003059864155035932, 0.0, 0.0, 0.0, 0.0, 0.0, 0.0, 0.0, 0.0], "winVarXMean": [0.37226113627282176, 0.4521121804846928, 0.3587519516758913, 0.3169311393993601, 0.24417036233170747, 0.31486190591346047, 0.24647152458031069, 0.09958970776964543, 0.3108941190776083, 0.05167254255009491, 0.1900070758799665, 0.0, 0.0, 2.327270689993461e-05, 0.0016321778461131765, 0.0, 0.0], "winVarYMin": [0.0, 0.0, 0.0, 0.0, 0.0, 0.0, 0.0, 0.0, 0.0, 0.0, 0.0, 0.0, 0.0, 0.0, 0.0, 0.0, 0.0], "winVarYMax": [2.446903480242174, 3.003546192433949, 2.4501831418291347, 2.1066070819275, 1.6702316049996933, 2.17669978443727, 1.446135675352985, 1.7563518471741368, 2.9921801256450444, 0.5141913470962352, 2.5553324541837306, 0.0, 0.0, 0.0003866137396836223, 0.015657945031225987, 0.0, 0.0], "winVarYMedian": [0.1641899544334547, 0.11008067351795414, 0.11332080020138378, 0.0914683633793436, 0.08312819891561213, 0.11529804553474982, 0.08392942506684764, 0.0, 0.0003059864155035932, 0.0, 0.0, 0.0, 0.0, 0.0, 0.0, 0.0, 0.0], "winVarYMean": [0.37226113627282176, 0.4521121804846928, 0.3587519516758913, 0.3169311393993601, 0.24417036233170747, 0.31486190591346047, 0.24647152458031069, 0.09958970776964543, 0.3108941190776083, 0.05167254255009491, 0.1900070758799665, 0.0, 0.0, 2.327270689993461e-05, 0.0016321778461131765, 0.0, 0.0], "jerkXMin": [0.0, 0.0, 0.0, 0.0, 0.0, 0.0, 0.0, 0.0, 0.0, 0.0, 0.0, 0.0, 0.0, 0.0, 0.0, 0.0, 0.0], "jerkXMax": [49.45350827876189, 55.84206351301757, 47.44811926631127, 46.4460233307002, 40.53761825561523, 39.65501991132445, 35.982600656089936, 18.958716573754785, 47.340424808416024, 18.746342791517293, 40.12200100442791, 0.0, 0.0, 0.027004558867494036, 4.978234067629318, 0.0, 0.0], "jerkXMedian": [3.878451905309902, 4.235619154807443, 3.766559217777489, 3.4072652603085887, 4.262531302677643, 8.928524843587926, 5.094050363880964, 0.0, 0.0, 0.0, 0.0, 0.0, 0.0, 0.0, 0.0, 0.0, 0.0], "jerkXMean": [8.541892695656452, 9.043849957619694, 8.552908055355536, 7.760952513466967, 7.970042643525879, 11.088079354795449, 8.114060459676228, 1.2921623011792973, 3.3748706693864743, 1.1978861358514188, 2.838808752238544, 0.0, 0.0, 0.0023936116357152846, 0.29753947489398525, 0.0, 0.0], "jerkYMin": [0.0, 0.0, 0.0, 0.0, 0.0, 0.0, 0.0, 0.0, 0.0, 0.0, 0.0, 0.0, 0.0, 0.0, 0.0, 0.0, 0.0], "jerkYMax": [51.255058183050096, 44.62793543856503, 45.08250445325895, 32.35904013957775, 36.193577762109555, 37.04058810327053, 36.51325943464505, 15.547840962249495, 29.04401265096423, 21.129240863495788, 36.28003830722863, 0.0, 0.0, 0.44624780960047833, 8.692744090536214, 0.0, 0.0], "jerkYMedian": [1.7151182815741741, 1.636903020455136, 1.1379148871077582, 3.332378061381613, 2.767741121790726, 9.01656711942427, 5.22641105176998, 0.0, 0.0, 0.0, 0.0, 0.0, 0.0, 0.0, 0.0, 0.0, 0.0], "jerkYMean": [7.283300409922094, 6.112457058145995, 6.026889008564532, 5.561327607138775, 6.064689885170709, 11.760697315502146, 8.156896793969477, 0.9763385353609321, 2.386525075035544, 1.2905177394819185, 2.448394418732885, 0.0, 0.0, 0.031452646193735966, 0.5447343543789359, 0.0, 0.0]}