{"synchScoreMin": [0.21415381570640507], "synchScoreMax": [0.6435972553818257], "synchScoreMean": [0.4380621891584421], "synchScoreMedian": [0.4377472286806318], "windowedVarScoreMin": [0.3252288607531477], "windowedVarScoreMax": [0.912916018706433], "windowedVarScoreMean": [0.6407008279652374], "windowedVarScoreMedian": [0.6187572675886861]}