{"dxMin": [0.0, 0.0, 0.0, 0.0, 0.0, 0.0, 0.0, 0.0, 0.021355669330262825, 0.0, 0.0, 0.0, 0.0, 0.0, 0.0, 0.0, 0.0], "dxMax": [16.2619961580264, 17.98824086214774, 16.00554378764668, 14.670542895690907, 13.576820147171382, 13.034156718750193, 13.028000849835964, 25.68295661352374, 39.93294418794137, 65.7016900068769, 76.53195785951722, 11.447362190730738, 10.827640191868566, 18.047663745272402, 21.650405942224264, 12.5093015075751, 22.532150609291136], "dxMedian": [5.599955021395225, 5.548480984383104, 5.578298304387639, 5.359347901403657, 5.080456416339789, 5.342220296899309, 5.3458491788365485, 9.122602154110478, 8.74525435198392, 14.86237863880965, 15.407030984079196, 4.3881343604123435, 4.555738545651257, 5.091613845508616, 5.3905214934922805, 3.7678458186106094, 6.077592626547909], "dxMean": [6.207549356623936, 6.258163314011595, 6.198203903499363, 5.811784123194958, 5.4252281500182935, 5.544614592303823, 5.480066811046584, 9.359034766120548, 9.532649060034913, 17.904224117115728, 19.865913857956, 4.282359798770813, 4.461374887590307, 5.430379642528115, 6.095145067457763, 4.386923403240263, 7.431113493918476], "dyMin": [0.0001126237924664146, 0.0, 0.0, 0.0, 0.0, 0.0, 0.0, 0.0, 0.00884305708635864, 0.0, 0.0, 0.0, 0.0, 0.0, 0.0, 0.0, 0.0], "dyMax": [12.025460211328253, 12.385311091421329, 11.898226095283304, 11.837597100476678, 11.466936202515585, 13.032579344262578, 12.500674746800641, 27.39357336422528, 32.83314600395635, 36.39890775335289, 48.12015024776429, 12.273896830385718, 11.702105416183882, 14.963862286843279, 16.448825359609508, 14.426461292562948, 15.214258479335054], "dyMedian": [1.762605633874161, 1.5848635851594914, 1.6294260871855557, 1.8444545635049268, 1.7096771113605411, 2.2917667626345297, 2.3756807572614105, 5.747772242122668, 5.682278252439373, 12.440771053836556, 11.819234279775035, 3.7589481591188996, 3.3207366563472567, 5.586613394709551, 5.792583848628769, 4.326684215751416, 5.111265519644705], "dyMean": [2.6664320556630146, 2.5810128697902774, 2.6302165853884003, 2.674416652121778, 2.580568397233246, 3.248206785327823, 3.2685977686928678, 7.972544021989775, 7.844285003528114, 13.013805918083042, 13.655171002299381, 4.043625572696003, 3.854491789309031, 5.639090878452065, 6.127353262930637, 4.74135380941054, 5.203338745312837], "winVarXMin": [1.830265144440384e-06, 0.0, 0.0, 0.0, 0.0, 3.0074997653987904e-08, 7.269558594306872e-08, 0.0, 4.118076406353126e-06, 0.0, 0.0, 0.0, 0.0, 0.0, 0.0, 0.0, 0.0], "winVarXMax": [0.19214894787360548, 1.3540287976323337, 0.19204641801762545, 0.15186006793138257, 0.1568014545908126, 0.5016754555067716, 0.6645619239339277, 3.232083007837334, 11.961384988410636, 11.762339915636248, 15.881137817489268, 0.3258868595032081, 0.3355146148861682, 0.8761693528279906, 1.2665094752246913, 0.4432407895337508, 1.0726921012716404], "winVarXMedian": [0.054519803327178235, 0.052233334790449726, 0.05374255428707105, 0.05092438909174832, 0.053598299755537336, 0.05016787308525313, 0.049350124988879265, 0.16263460504456467, 0.11840732594450375, 0.802125386221634, 0.8745851505698863, 0.030523998886243683, 0.036982855943717384, 0.0478356840457523, 0.10628411263961103, 0.06881621791558143, 0.1277654298297351], "winVarXMean": [0.06071176411490785, 0.12084649352451868, 0.05986484386472861, 0.0523289376917115, 0.05264143201144197, 0.07057444093047488, 0.08049812707354594, 0.35378681323890926, 0.7956776128855854, 2.001102085953711, 2.3264516595580957, 0.047280048540194616, 0.05568782112660325, 0.12525284816266577, 0.19064890973216905, 0.09891650253500342, 0.23703406432486757], "winVarYMin": [1.830265144440384e-06, 0.0, 0.0, 0.0, 0.0, 3.0074997653987904e-08, 7.269558594306872e-08, 0.0, 4.118076406353126e-06, 0.0, 0.0, 0.0, 0.0, 0.0, 0.0, 0.0, 0.0], "winVarYMax": [0.19214894787360548, 1.3540287976323337, 0.19204641801762545, 0.15186006793138257, 0.1568014545908126, 0.5016754555067716, 0.6645619239339277, 3.232083007837334, 11.961384988410636, 11.762339915636248, 15.881137817489268, 0.3258868595032081, 0.3355146148861682, 0.8761693528279906, 1.2665094752246913, 0.4432407895337508, 1.0726921012716404], "winVarYMedian": [0.054519803327178235, 0.052233334790449726, 0.05374255428707105, 0.05092438909174832, 0.053598299755537336, 0.05016787308525313, 0.049350124988879265, 0.16263460504456467, 0.11840732594450375, 0.802125386221634, 0.8745851505698863, 0.030523998886243683, 0.036982855943717384, 0.0478356840457523, 0.10628411263961103, 0.06881621791558143, 0.1277654298297351], "winVarYMean": [0.06071176411490785, 0.12084649352451868, 0.05986484386472861, 0.0523289376917115, 0.05264143201144197, 0.07057444093047488, 0.08049812707354594, 0.35378681323890926, 0.7956776128855854, 2.001102085953711, 2.3264516595580957, 0.047280048540194616, 0.05568782112660325, 0.12525284816266577, 0.19064890973216905, 0.09891650253500342, 0.23703406432486757], "jerkXMin": [0.0, 0.0, 0.0, 0.0, 0.0, 0.0, 0.0, 0.0, 0.0, 0.0, 0.0, 0.0, 0.0, 0.0, 0.0, 0.0, 0.0], "jerkXMax": [14.686290097279285, 17.609585222572964, 13.856844413507847, 13.646657030907981, 13.239455952194717, 16.973619799225677, 17.483517346967904, 64.78436249649437, 79.70610699536545, 178.29022002445424, 221.82508407767614, 16.46925521003101, 19.97835388195211, 43.97493500240302, 53.701377227665866, 33.30024936192018, 59.32108162150192], "jerkXMedian": [3.1836115793568553, 2.783514733532164, 3.206316860088176, 3.3724017764522762, 2.8894453246563714, 3.272033438148328, 3.446399888161311, 7.523563926348588, 6.785357032870857, 11.798583376556019, 12.976286246272034, 3.015585086553406, 3.2758101214016966, 3.6406535674922114, 3.666764356684373, 3.0439734747795653, 5.697517768574934], "jerkXMean": [4.144720961012221, 4.104854187735737, 4.118783937423415, 4.26548077088157, 3.7570028188512006, 4.389506295390357, 4.531824654127273, 12.175749561834028, 12.001647453030923, 26.697181039585022, 29.99172366092195, 3.8838809196097106, 4.437118601268593, 6.633257855068223, 8.250716787192783, 6.341991937673418, 12.102327091878603], "jerkYMin": [0.0, 0.0, 0.0, 0.0, 0.0, 0.0, 0.0, 0.0, 0.0, 0.0, 0.0, 0.0, 0.0, 0.0, 0.0, 0.0, 0.0], "jerkYMax": [13.141273567716388, 14.526180093567689, 12.482692525919484, 12.247884351731871, 12.63379446223745, 16.751475293775453, 16.68864427499946, 75.21225293505935, 67.76164385210987, 81.63773741279377, 118.56907160873439, 18.89343092663287, 18.789498709564988, 30.608004870061304, 34.07223039380425, 31.623286320362748, 0.0], "jerkYMedian": [1.5734930647853933, 1.2258532765495338, 1.5194057353799355, 2.0068246928488143, 1.8840686592323619, 2.431791161501563, 2.6300671842583085, 5.943721432507795, 5.771410828903003, 10.686130887739882, 9.453961561527494, 4.2344448991830745, 3.8252982365145463, 6.651155666493803, 7.1666120980290655, 5.439094917012462, 0.0], "jerkYMean": [2.6814562624221585, 2.592599833690837, 2.6779664239402896, 2.8550220493357923, 2.872742494464496, 3.7040264608154367, 3.708867850910745, 11.249233443458097, 10.142918982559703, 17.012310581262657, 18.229986636199353, 5.417833981615411, 5.069673510001259, 8.284887923596848, 9.100625011161979, 7.2218408817852024, 0.0]}