{"dxMin": [0.0, 0.0, 0.0, 0.0, 0.0, 0.0, 0.0, 0.625094921064579, 0.6638334028948364, 0.0, 0.0, 0.0, 0.0, 0.0, 0.0, 0.0, 0.0], "dxMax": [10.957844483445916, 11.326464224369243, 11.47160957414881, 10.122890185432357, 10.227173409555744, 10.520635285464392, 10.006174759277256, 13.939578569148315, 14.254630973092624, 21.595717583273842, 21.989972169378195, 10.723046275439431, 10.79374814763862, 11.162065977605492, 12.324313343480982, 15.682284373572951, 15.438467788765113], "dxMedian": [5.601993266378691, 5.933165186965118, 5.5622798175732635, 5.249830317200462, 5.055655451731068, 5.923240718604123, 5.459643174800628, 8.577600148307834, 8.399986425376035, 8.722207097097055, 9.774171441422462, 5.969801526841284, 5.978088632164153, 5.92177830613006, 6.513441258347379, 6.998207845727428, 8.905430710661955], "dxMean": [5.941258911812273, 6.0647753666301805, 6.009174869474092, 5.604120332334926, 5.425992135848977, 6.1217187666852295, 5.729393840501465, 8.851759531404753, 9.247204723339115, 10.566408239263774, 11.464956913211083, 5.965478825702589, 6.330620979265397, 6.3486085936212, 6.767241780383596, 7.581757960278213, 8.891654688534565], "dyMin": [0.0, 0.0, 0.0, 0.0, 0.0, 0.0, 0.0, 0.9741467234504638, 0.8884935054541618, 0.0, 0.0, 0.0, 0.0, 0.0, 0.0, 0.0, 0.0], "dyMax": [9.372184650738406, 8.96541236190617, 8.93532016705288, 8.467355401460473, 9.013906626913835, 7.897495314233162, 8.048811036147256, 10.34879255712882, 9.598389645266272, 15.684521991441386, 17.931545467744904, 7.342202561688339, 7.839964373989609, 8.428475516654945, 7.8280619079490705, 9.474895966055163, 9.145488002225857], "dyMedian": [2.1123997731822177, 2.1551561284362, 2.0022442956188407, 2.225476340139556, 2.199786807491572, 2.8882105910431783, 2.8643916846310957, 4.5249764976659765, 4.872327470581558, 8.168361856927515, 7.9286615015560145, 3.6209692990631375, 3.808365741903857, 4.9424652732754035, 4.765591924516987, 5.157231070490784, 5.178648382796296], "dyMean": [3.3562923151888224, 3.0614318783688383, 2.921653103502037, 2.911868180896179, 2.919437572349437, 3.407984489498188, 3.477317327568302, 5.351687801010482, 5.434690577467789, 8.626018543827461, 8.801225573752893, 3.8677258271038437, 4.148410855020199, 4.836470898009705, 4.788333812960434, 5.188545452780937, 5.198051093508379], "winVarXMin": [0.0024917354288629128, 0.001341801317880196, 5.049280362993069e-06, 0.0, 0.0, 0.0, 0.0006249274733856349, 0.011424102124788796, 0.0074332579686244606, 0.0, 0.0, 0.0, 0.0, 0.0, 0.0, 0.0, 0.0], "winVarXMax": [0.07788347134657175, 0.24144793080833618, 0.2644524107310576, 0.077248663245476, 0.08481048117117553, 0.27266606229485923, 0.06773751670067947, 0.613653792889324, 0.7126656572976253, 0.7038622407507704, 0.7941570356229285, 0.1617532438029671, 0.2541548947561514, 0.2299274199825799, 0.23246584990381927, 0.4352247455324805, 0.42089001147546706], "winVarXMedian": [0.04469603936980565, 0.04103929285514777, 0.04109687831315366, 0.03312677749982031, 0.03633429633837837, 0.044260392979456456, 0.036465635282763066, 0.0836006600796703, 0.08031996821078805, 0.13228358411378124, 0.24728082729204845, 0.04508562990784478, 0.05204314670166032, 0.04975712290052452, 0.0965290000716502, 0.09363161031511484, 0.15611251387603425], "winVarXMean": [0.04322928287251418, 0.1076080754766649, 0.11763217180112491, 0.03831047448478886, 0.039548456387497, 0.07545542640213326, 0.039159752182534105, 0.20088225559634063, 0.24299911497671098, 0.20600552302348102, 0.3242298113497302, 0.062458307712507925, 0.07651799485074474, 0.08221965897016903, 0.11011086328754499, 0.14831138158950255, 0.19245505953717165], "winVarYMin": [0.0024917354288629128, 0.001341801317880196, 5.049280362993069e-06, 0.0, 0.0, 0.0, 0.0006249274733856349, 0.011424102124788796, 0.0074332579686244606, 0.0, 0.0, 0.0, 0.0, 0.0, 0.0, 0.0, 0.0], "winVarYMax": [0.07788347134657175, 0.24144793080833618, 0.2644524107310576, 0.077248663245476, 0.08481048117117553, 0.27266606229485923, 0.06773751670067947, 0.613653792889324, 0.7126656572976253, 0.7038622407507704, 0.7941570356229285, 0.1617532438029671, 0.2541548947561514, 0.2299274199825799, 0.23246584990381927, 0.4352247455324805, 0.42089001147546706], "winVarYMedian": [0.04469603936980565, 0.04103929285514777, 0.04109687831315366, 0.03312677749982031, 0.03633429633837837, 0.044260392979456456, 0.036465635282763066, 0.0836006600796703, 0.08031996821078805, 0.13228358411378124, 0.24728082729204845, 0.04508562990784478, 0.05204314670166032, 0.04975712290052452, 0.0965290000716502, 0.09363161031511484, 0.15611251387603425], "winVarYMean": [0.04322928287251418, 0.1076080754766649, 0.11763217180112491, 0.03831047448478886, 0.039548456387497, 0.07545542640213326, 0.039159752182534105, 0.20088225559634063, 0.24299911497671098, 0.20600552302348102, 0.3242298113497302, 0.062458307712507925, 0.07651799485074474, 0.08221965897016903, 0.11011086328754499, 0.14831138158950255, 0.19245505953717165], "jerkXMin": [0.0, 0.0, 0.0, 0.0, 0.0, 0.0, 0.0, 0.40348199234958176, 0.0, 0.0, 0.0, 0.0, 0.0, 0.0, 0.0, 0.0, 0.0], "jerkXMax": [10.430977068630416, 9.841779930944712, 9.989466294411306, 9.497102758141603, 11.44161123034543, 10.739054439791735, 10.380207268916031, 21.1579938899217, 24.323039158341608, 32.56971146172184, 45.595565471687024, 14.88221088913875, 14.615428163548048, 16.171172440535923, 21.461243459779645, 29.263903696279364, 32.85067780185171], "jerkXMedian": [4.4111371685360465, 3.750156817297703, 3.9941071949559017, 3.821786359731588, 4.583658786631252, 4.47887038867999, 4.6689002325920725, 8.040842599196052, 8.061186097964232, 10.03801543049793, 9.878444915391604, 5.431099260892123, 5.420073627139491, 6.119318108143138, 6.027333011864635, 6.4527388323392225, 10.108054614561727], "jerkXMean": [4.897665830597748, 4.864685158433288, 4.991660436522093, 4.246670571887958, 4.980021017092462, 5.45685568084892, 4.936987994364458, 12.002454541679585, 14.029513329497744, 13.927859074490273, 15.313481050950841, 6.7946619829352715, 7.0367517286229635, 7.5757267292435495, 8.489325139795444, 10.124569191620736, 13.043300967296526], "jerkYMin": [0.0, 0.0, 0.0, 0.0, 0.0, 0.0, 0.0, 0.11580187532417055, 0.0, 0.0, 0.0, 0.0, 0.0, 0.0, 0.0, 0.0, 0.0], "jerkYMax": [10.217465462668287, 9.766625264136989, 9.18470867170058, 8.777211673797822, 9.395850335013968, 8.664435158002986, 9.516267651856088, 14.258896871088822, 15.093334172534608, 26.370143303896104, 29.169669764458693, 11.29847934261118, 11.872772667155509, 14.279962936695915, 13.632230363570887, 18.064142406173893, 0.0], "jerkYMedian": [2.3447109618127526, 2.371003286274642, 2.1559950199364457, 2.382733787441647, 2.242908221359575, 3.3805019774377567, 3.2586304217453317, 5.3940964568205345, 6.214733734764013, 10.30666959770488, 9.267076167822893, 4.493299504830118, 5.023587428682575, 5.58374732559647, 5.6419921875000085, 5.730977899701762, 0.0], "jerkYMean": [3.7898002585863098, 3.351585520438326, 3.055017537553554, 3.1362607643550175, 3.2465581883376617, 3.788246921713612, 4.007610843193339, 7.0997426918454805, 7.254476053533672, 12.13924185165857, 12.242324575621517, 5.16561762535967, 5.662348947887288, 6.749245912211389, 6.5768270622555765, 7.491118172656025, 0.0]}