{"dxMin": [0.0, 0.0, 0.0, 0.0, 0.0, 0.4101425234212861, 0.4154925207874086, 0.0, 0.0, 0.0, 0.0, 0.0, 0.0, 0.0, 0.0, 0.0, 0.0], "dxMax": [35.450737381417305, 34.092322117223205, 34.218508112143105, 30.042118951158724, 29.628722986746865, 24.986072744495342, 23.178037320597607, 0.0, 0.0, 0.0, 0.0, 0.0, 0.0, 0.0, 0.0, 0.0, 0.0], "dxMedian": [3.951798523708989, 3.550922517262057, 3.989158573388061, 3.386853204624286, 3.9981037060749474, 4.066211975857435, 5.769836188351958, 0.0, 0.0, 0.0, 0.0, 0.0, 0.0, 0.0, 0.0, 0.0, 0.0], "dxMean": [10.868434901968048, 10.4528674359443, 10.536417985325883, 9.277669724632602, 9.321194204147085, 8.938915444382449, 8.912104959339269, 0.0, 0.0, 0.0, 0.0, 0.0, 0.0, 0.0, 0.0, 0.0, 0.0], "dyMin": [0.0, 0.0, 0.0, 0.0, 0.0, 0.4179939238362265, 0.4261115489658965, 0.0, 0.0, 0.0, 0.0, 0.0, 0.0, 0.0, 0.0, 0.0, 0.0], "dyMax": [11.943690554679456, 11.295225655293464, 11.52133401394378, 11.34767543905819, 12.182372110187778, 13.14244615707476, 11.420644744280283, 0.0, 0.0, 0.0, 0.0, 0.0, 0.0, 0.0, 0.0, 0.0, 0.0], "dyMedian": [3.2200411721383855, 2.56605674142165, 2.6444931346845815, 3.2451472998654656, 2.969275370870885, 4.862901287158004, 3.3348358534183715, 0.0, 0.0, 0.0, 0.0, 0.0, 0.0, 0.0, 0.0, 0.0, 0.0], "dyMean": [3.4908546090692565, 2.943372808347954, 3.084973646382572, 3.3167901456354096, 3.2012494183850344, 5.327545368502101, 3.8386866180215877, 0.0, 0.0, 0.0, 0.0, 0.0, 0.0, 0.0, 0.0, 0.0, 0.0], "winVarXMin": [0.0, 0.0, 0.0, 0.0, 9.986016802853556e-06, 0.0008928449643445693, 0.001203442347660907, 0.0, 0.0, 0.0, 0.0, 0.0, 0.0, 0.0, 0.0, 0.0, 0.0], "winVarXMax": [0.7911896592122275, 0.7558353669496403, 0.7330463869156283, 0.5614021960822165, 0.6048107657953449, 0.5454608744028869, 0.4479611401303474, 0.0, 0.0, 0.0, 0.0, 0.0, 0.0, 0.0, 0.0, 0.0, 0.0], "winVarXMedian": [0.06536874289534073, 0.07248591229369, 0.06476430347026832, 0.06269860440182706, 0.05109090733815452, 0.08598210116633276, 0.04282784012123818, 0.0, 0.0, 0.0, 0.0, 0.0, 0.0, 0.0, 0.0, 0.0, 0.0], "winVarXMean": [0.20961541131624023, 0.20233319011854312, 0.1995228182333506, 0.15785361288703417, 0.1658308145002449, 0.15092111853688195, 0.1227141158968237, 0.0, 0.0, 0.0, 0.0, 0.0, 0.0, 0.0, 0.0, 0.0, 0.0], "winVarYMin": [0.0, 0.0, 0.0, 0.0, 9.986016802853556e-06, 0.0008928449643445693, 0.001203442347660907, 0.0, 0.0, 0.0, 0.0, 0.0, 0.0, 0.0, 0.0, 0.0, 0.0], "winVarYMax": [0.7911896592122275, 0.7558353669496403, 0.7330463869156283, 0.5614021960822165, 0.6048107657953449, 0.5454608744028869, 0.4479611401303474, 0.0, 0.0, 0.0, 0.0, 0.0, 0.0, 0.0, 0.0, 0.0, 0.0], "winVarYMedian": [0.06536874289534073, 0.07248591229369, 0.06476430347026832, 0.06269860440182706, 0.05109090733815452, 0.08598210116633276, 0.04282784012123818, 0.0, 0.0, 0.0, 0.0, 0.0, 0.0, 0.0, 0.0, 0.0, 0.0], "winVarYMean": [0.20961541131624023, 0.20233319011854312, 0.1995228182333506, 0.15785361288703417, 0.1658308145002449, 0.15092111853688195, 0.1227141158968237, 0.0, 0.0, 0.0, 0.0, 0.0, 0.0, 0.0, 0.0, 0.0, 0.0], "jerkXMin": [0.0, 0.0, 0.0, 0.0, 0.0, 0.0, 0.0, 0.0, 0.0, 0.0, 0.0, 0.0, 0.0, 0.0, 0.0, 0.0, 0.0], "jerkXMax": [27.09659921516621, 26.49036078740101, 26.791915578679856, 25.46420861586639, 25.220625023174012, 26.220982166767193, 21.684478647520063, 0.0, 0.0, 0.0, 0.0, 0.0, 0.0, 0.0, 0.0, 0.0, 0.0], "jerkXMedian": [2.372405170108285, 2.2720480258039486, 2.8680365724682395, 2.2787469001231866, 2.4626887784459246, 5.094907530471994, 5.699350368135699, 0.0, 0.0, 0.0, 0.0, 0.0, 0.0, 0.0, 0.0, 0.0, 0.0], "jerkXMean": [6.605508316722746, 6.416823909589801, 6.540925456117157, 6.27903440052241, 6.220224115035292, 8.049274895900876, 7.492052199380908, 0.0, 0.0, 0.0, 0.0, 0.0, 0.0, 0.0, 0.0, 0.0, 0.0], "jerkYMin": [0.0, 0.0, 0.0, 0.0, 0.0, 0.0, 0.0, 0.0, 0.0, 0.0, 0.0, 0.0, 0.0, 0.0, 0.0, 0.0, 0.0], "jerkYMax": [12.112533659811405, 10.892882404468471, 11.576027422560925, 12.74986319741796, 11.635784469091552, 22.984444273746167, 15.402205402177662, 0.0, 0.0, 0.0, 0.0, 0.0, 0.0, 0.0, 0.0, 0.0, 0.0], "jerkYMedian": [2.184655761718739, 1.5007352583635898, 1.4866515860023357, 2.76668969625259, 2.522161535999089, 4.636296518412874, 3.459004736935933, 0.0, 0.0, 0.0, 0.0, 0.0, 0.0, 0.0, 0.0, 0.0, 0.0], "jerkYMean": [3.0536903350141094, 2.3090945072134668, 2.479424638883785, 3.6646954216679997, 3.1839030489397295, 6.9860208654225735, 4.771560287401235, 0.0, 0.0, 0.0, 0.0, 0.0, 0.0, 0.0, 0.0, 0.0, 0.0]}